<?xml version="1.0" encoding="UTF-8"?>
<metadata xml:lang="en"><Esri><CreaDate>20200702</CreaDate><CreaTime>19413700</CreaTime><ArcGISFormat>1.0</ArcGISFormat><ArcGISstyle>ISO 19139 Metadata Implementation Specification</ArcGISstyle><SyncOnce>FALSE</SyncOnce><DataProperties><itemProps><itemName Sync="TRUE">envscreenlb_clip</itemName><imsContentType Sync="TRUE">002</imsContentType><nativeExtBox><westBL Sync="TRUE">-373976.129295</westBL><eastBL Sync="TRUE">539719.617303</eastBL><southBL Sync="TRUE">-604512.649477</southBL><northBL Sync="TRUE">450022.491310</northBL><exTypeCode Sync="TRUE">1</exTypeCode></nativeExtBox><itemLocation><linkage Sync="TRUE">file://\\DESKTOP-LE105G5\C$\Users\salen\OneDrive\Documents\ArcGIS\Default.gdb</linkage><protocol Sync="TRUE">Local Area Network</protocol></itemLocation><itemSize Sync="TRUE">0.000</itemSize></itemProps><coordRef><type Sync="TRUE">Projected</type><geogcsn Sync="TRUE">GCS_North_American_1983</geogcsn><csUnits Sync="TRUE">Linear Unit: Foot_US (0.304801)</csUnits><projcsn Sync="TRUE">NAD_1983_StatePlane_California_V_FIPS_0405_Feet</projcsn><peXml Sync="TRUE">&lt;ProjectedCoordinateSystem xsi:type='typens:ProjectedCoordinateSystem' xmlns:xsi='http://www.w3.org/2001/XMLSchema-instance' xmlns:xs='http://www.w3.org/2001/XMLSchema' xmlns:typens='http://www.esri.com/schemas/ArcGIS/10.7'&gt;&lt;WKT&gt;PROJCS[&amp;quot;NAD_1983_StatePlane_California_V_FIPS_0405_Feet&amp;quot;,GEOGCS[&amp;quot;GCS_North_American_1983&amp;quot;,DATUM[&amp;quot;D_North_American_1983&amp;quot;,SPHEROID[&amp;quot;GRS_1980&amp;quot;,6378137.0,298.257222101]],PRIMEM[&amp;quot;Greenwich&amp;quot;,0.0],UNIT[&amp;quot;Degree&amp;quot;,0.0174532925199433]],PROJECTION[&amp;quot;Lambert_Conformal_Conic&amp;quot;],PARAMETER[&amp;quot;False_Easting&amp;quot;,6561666.666666666],PARAMETER[&amp;quot;False_Northing&amp;quot;,1640416.666666667],PARAMETER[&amp;quot;Central_Meridian&amp;quot;,-118.0],PARAMETER[&amp;quot;Standard_Parallel_1&amp;quot;,34.03333333333333],PARAMETER[&amp;quot;Standard_Parallel_2&amp;quot;,35.46666666666667],PARAMETER[&amp;quot;Latitude_Of_Origin&amp;quot;,33.5],UNIT[&amp;quot;Foot_US&amp;quot;,0.3048006096012192],AUTHORITY[&amp;quot;EPSG&amp;quot;,2229]]&lt;/WKT&gt;&lt;XOrigin&gt;-117608900&lt;/XOrigin&gt;&lt;YOrigin&gt;-91881400&lt;/YOrigin&gt;&lt;XYScale&gt;36269466.692146368&lt;/XYScale&gt;&lt;ZOrigin&gt;-100000&lt;/ZOrigin&gt;&lt;ZScale&gt;10000&lt;/ZScale&gt;&lt;MOrigin&gt;-100000&lt;/MOrigin&gt;&lt;MScale&gt;10000&lt;/MScale&gt;&lt;XYTolerance&gt;0.0032808333333333331&lt;/XYTolerance&gt;&lt;ZTolerance&gt;0.001&lt;/ZTolerance&gt;&lt;MTolerance&gt;0.001&lt;/MTolerance&gt;&lt;HighPrecision&gt;true&lt;/HighPrecision&gt;&lt;WKID&gt;102645&lt;/WKID&gt;&lt;LatestWKID&gt;2229&lt;/LatestWKID&gt;&lt;/ProjectedCoordinateSystem&gt;</peXml></coordRef><lineage><Process ToolSource="c:\program files (x86)\arcgis\desktop10.5\ArcToolbox\Toolboxes\Conversion Tools.tbx\FeatureClassToFeatureClass" Date="20180514" Time="144952">FeatureClassToFeatureClass CES3_01results_decvig "C:\Users\wwieland\OneDrive - California OEHHA\Projects\CES3.0\CES3.01\CESMay2018Update_SHP" CES3May2018Update.shp # "tract "Tract" true true false 8 Double 0 0 ,First,#,CES3_01results_decvig,tract,-1,-1;pop2010 "Population" true true false 4 Long 0 0 ,First,#,CES3_01results_decvig,pop2010,-1,-1;California "California County" true true false 255 Text 0 0 ,First,#,CES3_01results_decvig,California_County,-1,-1;ZIP "ZIP" true true false 4 Long 0 0 ,First,#,CES3_01results_decvig,ZIP,-1,-1;City "City" true true false 255 Text 0 0 ,First,#,CES3_01results_decvig,City,-1,-1;Longitude "Longitude" true true false 8 Double 0 0 ,First,#,CES3_01results_decvig,Longitude,-1,-1;Latitude "Latitude" true true false 8 Double 0 0 ,First,#,CES3_01results_decvig,Latitude,-1,-1;CIscore "CIscore" true true false 8 Double 0 0 ,First,#,CES3_01results_decvig,CIscore,-1,-1;CIscoreP "CIscoreP" true true false 4 Long 0 0 ,First,#,CES3_01results_decvig,CIscoreP,-1,-1;CES_3_0_Pe "CES 3.01 Percentile Range" true true false 255 Text 0 0 ,First,#,CES3_01results_decvig,CES_3_0_Percentile_Range,-1,-1;ozone "Ozone" true true false 8 Double 0 0 ,First,#,CES3_01results_decvig,ozone,-1,-1;ozoneP "Ozone Pctl" true true false 4 Long 0 0 ,First,#,CES3_01results_decvig,ozoneP,-1,-1;pm "PM2.5" true true false 8 Double 0 0 ,First,#,CES3_01results_decvig,pm,-1,-1;pmP "PM 2.5 Pctl" true true false 4 Long 0 0 ,First,#,CES3_01results_decvig,pmP,-1,-1;diesel "Diesel PM" true true false 8 Double 0 0 ,First,#,CES3_01results_decvig,diesel,-1,-1;dieselP "Diesel PM Pctl" true true false 4 Long 0 0 ,First,#,CES3_01results_decvig,dieselP,-1,-1;drink "DrinkingWater" true true false 8 Double 0 0 ,First,#,CES3_01results_decvig,drink,-1,-1;drinkP "DrinkingWater Pctl" true true false 4 Long 0 0 ,First,#,CES3_01results_decvig,drinkP,-1,-1;pest "Pesticides" true true false 8 Double 0 0 ,First,#,CES3_01results_decvig,pest,-1,-1;pestP "Pesticides Pctl" true true false 4 Long 0 0 ,First,#,CES3_01results_decvig,pestP,-1,-1;RSEIhaz "Tox Releases" true true false 8 Double 0 0 ,First,#,CES3_01results_decvig,RSEIhaz,-1,-1;RSEIhazP "Tox Releases Pctl" true true false 4 Long 0 0 ,First,#,CES3_01results_decvig,RSEIhazP,-1,-1;traffic "Traffic" true true false 8 Double 0 0 ,First,#,CES3_01results_decvig,traffic,-1,-1;trafficP "Traffic Pctl" true true false 4 Long 0 0 ,First,#,CES3_01results_decvig,trafficP,-1,-1;cleanups "Cleanups" true true false 8 Double 0 0 ,First,#,CES3_01results_decvig,cleanups,-1,-1;cleanupsP "Cleanups Pctl" true true false 4 Long 0 0 ,First,#,CES3_01results_decvig,cleanupsP,-1,-1;gwthreats "GroundwaterThreats" true true false 8 Double 0 0 ,First,#,CES3_01results_decvig,gwthreats,-1,-1;gwthreatsP "GroundWater Threats Pctl" true true false 4 Long 0 0 ,First,#,CES3_01results_decvig,gwthreatsP,-1,-1;haz "Haz Waste" true true false 8 Double 0 0 ,First,#,CES3_01results_decvig,haz,-1,-1;hazP "Haz Waste Pctl" true true false 4 Long 0 0 ,First,#,CES3_01results_decvig,hazP,-1,-1;iwb "Imp. Water Bodies" true true false 4 Long 0 0 ,First,#,CES3_01results_decvig,iwb,-1,-1;iwbP "Imp. Water Bodies Pctl" true true false 4 Long 0 0 ,First,#,CES3_01results_decvig,iwbP,-1,-1;swis "Solid Waste" true true false 8 Double 0 0 ,First,#,CES3_01results_decvig,swis,-1,-1;swisP "Solid Waste Pctl" true true false 4 Long 0 0 ,First,#,CES3_01results_decvig,swisP,-1,-1;Pollution "PollutionScore" true true false 8 Double 0 0 ,First,#,CES3_01results_decvig,Pollution,-1,-1;PollutionS "PollutionScore" true true false 8 Double 0 0 ,First,#,CES3_01results_decvig,PollutionScore,-1,-1;PollutionP "Pollution Burden Pctl" true true false 4 Long 0 0 ,First,#,CES3_01results_decvig,PollutionP,-1,-1;asthma "Asthma" true true false 8 Double 0 0 ,First,#,CES3_01results_decvig,asthma,-1,-1;asthmaP "Asthma Pctl" true true false 4 Long 0 0 ,First,#,CES3_01results_decvig,asthmaP,-1,-1;lbw "Low Birth Weight" true true false 8 Double 0 0 ,First,#,CES3_01results_decvig,lbw,-1,-1;lbwP "Low Birth Weight Pctl" true true false 4 Long 0 0 ,First,#,CES3_01results_decvig,lbwP,-1,-1;cvd "Cardiovascular" true true false 8 Double 0 0 ,First,#,CES3_01results_decvig,cvd,-1,-1;cvdP "Cardiovascular Pctl" true true false 4 Long 0 0 ,First,#,CES3_01results_decvig,cvdP,-1,-1;edu "Education" true true false 8 Double 0 0 ,First,#,CES3_01results_decvig,edu,-1,-1;eduP "Education Pctl" true true false 4 Long 0 0 ,First,#,CES3_01results_decvig,eduP,-1,-1;ling "Linguistic Isolation" true true false 8 Double 0 0 ,First,#,CES3_01results_decvig,ling,-1,-1;lingP "Linguistic Isolation Pctl" true true false 4 Long 0 0 ,First,#,CES3_01results_decvig,lingP,-1,-1;pov "Poverty" true true false 8 Double 0 0 ,First,#,CES3_01results_decvig,pov,-1,-1;povP "Poverty Pctl" true true false 4 Long 0 0 ,First,#,CES3_01results_decvig,povP,-1,-1;unemp "Unemployment" true true false 8 Double 0 0 ,First,#,CES3_01results_decvig,unemp,-1,-1;unempP "Unemployment Pctl" true true false 4 Long 0 0 ,First,#,CES3_01results_decvig,unempP,-1,-1;housingB "Housing Burden" true true false 8 Double 0 0 ,First,#,CES3_01results_decvig,housingB,-1,-1;housingBP "Housing Burden Pctl" true true false 4 Long 0 0 ,First,#,CES3_01results_decvig,housingBP,-1,-1;PopChar "PopCharScore" true true false 8 Double 0 0 ,First,#,CES3_01results_decvig,PopChar,-1,-1;PopCharSco "PopCharScore" true true false 8 Double 0 0 ,First,#,CES3_01results_decvig,PopCharScore,-1,-1;PopCharP "Pop. Characteristics Pctl" true true false 4 Long 0 0 ,First,#,CES3_01results_decvig,PopCharP,-1,-1;Children_u "Children &lt; 10 (%)" true true false 8 Double 0 0 ,First,#,CES3_01results_decvig,Children_under10_pct,-1,-1;Pop_11_64_ "Pop 11-64 years (%)" true true false 8 Double 0 0 ,First,#,CES3_01results_decvig,Pop_11_64_years_pct,-1,-1;Elderly_ov "Elderly &gt; 65 (%)" true true false 8 Double 0 0 ,First,#,CES3_01results_decvig,Elderly_over_65_pct,-1,-1;Hispanic_p "Hispanic (%)" true true false 8 Double 0 0 ,First,#,CES3_01results_decvig,Hispanic_pct,-1,-1;White_pct "White (%)" true true false 8 Double 0 0 ,First,#,CES3_01results_decvig,White_pct,-1,-1;African_Am "African American (%)" true true false 8 Double 0 0 ,First,#,CES3_01results_decvig,African_American_pct,-1,-1;Native_Ame "Native American (%)" true true false 8 Double 0 0 ,First,#,CES3_01results_decvig,Native_American_pct,-1,-1;Asian_Amer "Asian American (%)" true true false 8 Double 0 0 ,First,#,CES3_01results_decvig,Asian_American_pct,-1,-1;Other_pct "Other (%)" true true false 8 Double 0 0 ,First,#,CES3_01results_decvig,Other_pct,-1,-1;OBJECTID_1 "OBJECTID_1" true true false 4 Long 0 0 ,First,#,CES3_01results_decvig,OBJECTID_1,-1,-1;CIdecile "CIdecile" true true false 4 Long 0 0 ,First,#,CES3_01results_decvig,CIdecile,-1,-1;CIvigintil "CIvigintile" true true false 4 Long 0 0 ,First,#,CES3_01results_decvig,CIvigintile,-1,-1;Shape_Leng "Shape_Leng" false true true 8 Double 0 0 ,First,#,CES3_01results_decvig,Shape_Length,-1,-1;Shape_Area "Shape_Area" false true true 8 Double 0 0 ,First,#,CES3_01results_decvig,Shape_Area,-1,-1" #</Process><Process ToolSource="c:\program files (x86)\arcgis\desktop10.5\ArcToolbox\Toolboxes\Data Management Tools.tbx\CalculateField" Date="20180621" Time="092714">CalculateField CES3June2018Update CES2018_Rn [CES_3_0_Pe] VB #</Process><Process ToolSource="c:\program files (x86)\arcgis\desktop10.7\ArcToolbox\Toolboxes\Analysis Tools.tbx\Clip" Date="20200621" Time="204011">Clip envscreenlb_prj CityBoundary C:\Users\salen\OneDrive\Documents\MSGISci\607\calenvioscreen\envscreenlb_clip.shp #</Process><Process ToolSource="c:\program files (x86)\arcgis\desktop10.7\ArcToolbox\Toolboxes\Data Management Tools.tbx\Project" Date="20200702" Time="193819">Project envscreenlb_clip C:\Users\salen\OneDrive\Documents\ArcGIS\Default.gdb\envscreenlb_clip_Project GEOGCS['GCS_WGS_1984',DATUM['D_WGS_1984',SPHEROID['WGS_1984',6378137.0,298.257223563]],PRIMEM['Greenwich',0.0],UNIT['Degree',0.0174532925199433]] WGS_1984_(ITRF00)_To_NAD_1983 PROJCS['NAD_1983_StatePlane_California_V_FIPS_0405_Feet',GEOGCS['GCS_North_American_1983',DATUM['D_North_American_1983',SPHEROID['GRS_1980',6378137.0,298.257222101]],PRIMEM['Greenwich',0.0],UNIT['Degree',0.0174532925199433]],PROJECTION['Lambert_Conformal_Conic'],PARAMETER['False_Easting',6561666.666666666],PARAMETER['False_Northing',1640416.666666667],PARAMETER['Central_Meridian',-118.0],PARAMETER['Standard_Parallel_1',34.03333333333333],PARAMETER['Standard_Parallel_2',35.46666666666667],PARAMETER['Latitude_Of_Origin',33.5],UNIT['Foot_US',0.3048006096012192]] NO_PRESERVE_SHAPE # NO_VERTICAL</Process></lineage></DataProperties><SyncDate>20200621</SyncDate><SyncTime>20400900</SyncTime><ModDate>20200621</ModDate><ModTime>20400900</ModTime></Esri><dataIdInfo><envirDesc Sync="TRUE"> Version 6.2 (Build 9200) ; Esri ArcGIS 10.7.1.11595</envirDesc><dataLang><languageCode value="eng" Sync="TRUE"></languageCode><countryCode value="USA" Sync="TRUE"></countryCode></dataLang><idCitation><resTitle Sync="TRUE">envscreenlb_clip</resTitle><presForm><PresFormCd value="005" Sync="TRUE"></PresFormCd></presForm></idCitation><spatRpType><SpatRepTypCd value="001" Sync="TRUE"></SpatRepTypCd></spatRpType><dataExt><geoEle><GeoBndBox esriExtentType="search"><exTypeCode Sync="TRUE">1</exTypeCode><westBL Sync="TRUE">-124.506026</westBL><eastBL Sync="TRUE">-113.502228</eastBL><northBL Sync="TRUE">42.068501</northBL><southBL Sync="TRUE">32.423801</southBL></GeoBndBox></geoEle></dataExt></dataIdInfo><mdLang><languageCode value="eng" Sync="TRUE"></languageCode><countryCode value="USA" Sync="TRUE"></countryCode></mdLang><mdChar><CharSetCd value="004" Sync="TRUE"></CharSetCd></mdChar><distInfo><distFormat><formatName Sync="TRUE">Shapefile</formatName></distFormat><distTranOps><transSize Sync="TRUE">0.000</transSize></distTranOps></distInfo><mdHrLv><ScopeCd value="005" Sync="TRUE"></ScopeCd></mdHrLv><mdHrLvName Sync="TRUE">dataset</mdHrLvName><refSysInfo><RefSystem><refSysID><identCode code="2229" Sync="TRUE"></identCode><idCodeSpace Sync="TRUE">EPSG</idCodeSpace><idVersion Sync="TRUE">5.3(9.0.0)</idVersion></refSysID></RefSystem></refSysInfo><spatRepInfo><VectSpatRep><geometObjs Name="envscreenlb_clip"><geoObjTyp><GeoObjTypCd value="002" Sync="TRUE"></GeoObjTypCd></geoObjTyp><geoObjCnt Sync="TRUE">0</geoObjCnt></geometObjs><topLvl><TopoLevCd value="001" Sync="TRUE"></TopoLevCd></topLvl></VectSpatRep></spatRepInfo><spdoinfo><ptvctinf><esriterm Name="envscreenlb_clip"><efeatyp Sync="TRUE">Simple</efeatyp><efeageom code="4" Sync="TRUE"></efeageom><esritopo Sync="TRUE">FALSE</esritopo><efeacnt Sync="TRUE">0</efeacnt><spindex Sync="TRUE">FALSE</spindex><linrefer Sync="TRUE">FALSE</linrefer></esriterm></ptvctinf></spdoinfo><eainfo><detailed Name="envscreenlb_clip"><enttyp><enttypl Sync="TRUE">envscreenlb_clip</enttypl><enttypt Sync="TRUE">Feature Class</enttypt><enttypc Sync="TRUE">0</enttypc></enttyp><attr><attrlabl Sync="TRUE">FID</attrlabl><attalias Sync="TRUE">FID</attalias><attrtype Sync="TRUE">OID</attrtype><attwidth Sync="TRUE">4</attwidth><atprecis Sync="TRUE">0</atprecis><attscale Sync="TRUE">0</attscale><attrdef Sync="TRUE">Internal feature number.</attrdef><attrdefs Sync="TRUE">Esri</attrdefs><attrdomv><udom Sync="TRUE">Sequential unique whole numbers that are automatically generated.</udom></attrdomv></attr><attr><attrlabl Sync="TRUE">Shape</attrlabl><attalias Sync="TRUE">Shape</attalias><attrtype Sync="TRUE">Geometry</attrtype><attwidth Sync="TRUE">0</attwidth><atprecis Sync="TRUE">0</atprecis><attscale Sync="TRUE">0</attscale><attrdef Sync="TRUE">Feature geometry.</attrdef><attrdefs Sync="TRUE">Esri</attrdefs><attrdomv><udom Sync="TRUE">Coordinates defining the features.</udom></attrdomv></attr><attr><attrlabl Sync="TRUE">tract</attrlabl><attalias Sync="TRUE">tract</attalias><attrtype Sync="TRUE">Double</attrtype><attwidth Sync="TRUE">19</attwidth><atprecis Sync="TRUE">0</atprecis><attscale Sync="TRUE">0</attscale></attr><attr><attrlabl Sync="TRUE">pop2010</attrlabl><attalias Sync="TRUE">pop2010</attalias><attrtype Sync="TRUE">Integer</attrtype><attwidth Sync="TRUE">10</attwidth><atprecis Sync="TRUE">10</atprecis><attscale Sync="TRUE">0</attscale></attr><attr><attrlabl Sync="TRUE">California</attrlabl><attalias Sync="TRUE">California</attalias><attrtype Sync="TRUE">String</attrtype><attwidth Sync="TRUE">254</attwidth><atprecis Sync="TRUE">0</atprecis><attscale Sync="TRUE">0</attscale></attr><attr><attrlabl Sync="TRUE">ZIP</attrlabl><attalias Sync="TRUE">ZIP</attalias><attrtype Sync="TRUE">Integer</attrtype><attwidth Sync="TRUE">10</attwidth><atprecis Sync="TRUE">10</atprecis><attscale Sync="TRUE">0</attscale></attr><attr><attrlabl Sync="TRUE">City</attrlabl><attalias Sync="TRUE">City</attalias><attrtype Sync="TRUE">String</attrtype><attwidth Sync="TRUE">254</attwidth><atprecis Sync="TRUE">0</atprecis><attscale Sync="TRUE">0</attscale></attr><attr><attrlabl Sync="TRUE">Longitude</attrlabl><attalias Sync="TRUE">Longitude</attalias><attrtype Sync="TRUE">Double</attrtype><attwidth Sync="TRUE">19</attwidth><atprecis Sync="TRUE">0</atprecis><attscale Sync="TRUE">0</attscale></attr><attr><attrlabl Sync="TRUE">Latitude</attrlabl><attalias Sync="TRUE">Latitude</attalias><attrtype Sync="TRUE">Double</attrtype><attwidth Sync="TRUE">19</attwidth><atprecis Sync="TRUE">0</atprecis><attscale Sync="TRUE">0</attscale></attr><attr><attrlabl Sync="TRUE">CIscore</attrlabl><attalias Sync="TRUE">CIscore</attalias><attrtype Sync="TRUE">Double</attrtype><attwidth Sync="TRUE">19</attwidth><atprecis Sync="TRUE">0</atprecis><attscale Sync="TRUE">0</attscale></attr><attr><attrlabl Sync="TRUE">CIscoreP</attrlabl><attalias Sync="TRUE">CIscoreP</attalias><attrtype Sync="TRUE">Integer</attrtype><attwidth Sync="TRUE">10</attwidth><atprecis Sync="TRUE">10</atprecis><attscale Sync="TRUE">0</attscale></attr><attr><attrlabl Sync="TRUE">ozone</attrlabl><attalias Sync="TRUE">ozone</attalias><attrtype Sync="TRUE">Double</attrtype><attwidth Sync="TRUE">19</attwidth><atprecis Sync="TRUE">0</atprecis><attscale Sync="TRUE">0</attscale></attr><attr><attrlabl Sync="TRUE">ozoneP</attrlabl><attalias Sync="TRUE">ozoneP</attalias><attrtype Sync="TRUE">Integer</attrtype><attwidth Sync="TRUE">10</attwidth><atprecis Sync="TRUE">10</atprecis><attscale Sync="TRUE">0</attscale></attr><attr><attrlabl Sync="TRUE">pm</attrlabl><attalias Sync="TRUE">pm</attalias><attrtype Sync="TRUE">Double</attrtype><attwidth Sync="TRUE">19</attwidth><atprecis Sync="TRUE">0</atprecis><attscale Sync="TRUE">0</attscale></attr><attr><attrlabl Sync="TRUE">pmP</attrlabl><attalias Sync="TRUE">pmP</attalias><attrtype Sync="TRUE">Integer</attrtype><attwidth Sync="TRUE">10</attwidth><atprecis Sync="TRUE">10</atprecis><attscale Sync="TRUE">0</attscale></attr><attr><attrlabl Sync="TRUE">diesel</attrlabl><attalias Sync="TRUE">diesel</attalias><attrtype Sync="TRUE">Double</attrtype><attwidth Sync="TRUE">19</attwidth><atprecis Sync="TRUE">0</atprecis><attscale Sync="TRUE">0</attscale></attr><attr><attrlabl Sync="TRUE">dieselP</attrlabl><attalias Sync="TRUE">dieselP</attalias><attrtype Sync="TRUE">Integer</attrtype><attwidth Sync="TRUE">10</attwidth><atprecis Sync="TRUE">10</atprecis><attscale Sync="TRUE">0</attscale></attr><attr><attrlabl Sync="TRUE">drink</attrlabl><attalias Sync="TRUE">drink</attalias><attrtype Sync="TRUE">Double</attrtype><attwidth Sync="TRUE">19</attwidth><atprecis Sync="TRUE">0</atprecis><attscale Sync="TRUE">0</attscale></attr><attr><attrlabl Sync="TRUE">drinkP</attrlabl><attalias Sync="TRUE">drinkP</attalias><attrtype Sync="TRUE">Integer</attrtype><attwidth Sync="TRUE">10</attwidth><atprecis Sync="TRUE">10</atprecis><attscale Sync="TRUE">0</attscale></attr><attr><attrlabl Sync="TRUE">pest</attrlabl><attalias Sync="TRUE">pest</attalias><attrtype Sync="TRUE">Double</attrtype><attwidth Sync="TRUE">19</attwidth><atprecis Sync="TRUE">0</atprecis><attscale Sync="TRUE">0</attscale></attr><attr><attrlabl Sync="TRUE">pestP</attrlabl><attalias Sync="TRUE">pestP</attalias><attrtype Sync="TRUE">Integer</attrtype><attwidth Sync="TRUE">10</attwidth><atprecis Sync="TRUE">10</atprecis><attscale Sync="TRUE">0</attscale></attr><attr><attrlabl Sync="TRUE">RSEIhaz</attrlabl><attalias Sync="TRUE">RSEIhaz</attalias><attrtype Sync="TRUE">Double</attrtype><attwidth Sync="TRUE">19</attwidth><atprecis Sync="TRUE">0</atprecis><attscale Sync="TRUE">0</attscale></attr><attr><attrlabl Sync="TRUE">RSEIhazP</attrlabl><attalias Sync="TRUE">RSEIhazP</attalias><attrtype Sync="TRUE">Integer</attrtype><attwidth Sync="TRUE">10</attwidth><atprecis Sync="TRUE">10</atprecis><attscale Sync="TRUE">0</attscale></attr><attr><attrlabl Sync="TRUE">traffic</attrlabl><attalias Sync="TRUE">traffic</attalias><attrtype Sync="TRUE">Double</attrtype><attwidth Sync="TRUE">19</attwidth><atprecis Sync="TRUE">0</atprecis><attscale Sync="TRUE">0</attscale></attr><attr><attrlabl Sync="TRUE">trafficP</attrlabl><attalias Sync="TRUE">trafficP</attalias><attrtype Sync="TRUE">Integer</attrtype><attwidth Sync="TRUE">10</attwidth><atprecis Sync="TRUE">10</atprecis><attscale Sync="TRUE">0</attscale></attr><attr><attrlabl Sync="TRUE">cleanups</attrlabl><attalias Sync="TRUE">cleanups</attalias><attrtype Sync="TRUE">Double</attrtype><attwidth Sync="TRUE">19</attwidth><atprecis Sync="TRUE">0</atprecis><attscale Sync="TRUE">0</attscale></attr><attr><attrlabl Sync="TRUE">cleanupsP</attrlabl><attalias Sync="TRUE">cleanupsP</attalias><attrtype Sync="TRUE">Integer</attrtype><attwidth Sync="TRUE">10</attwidth><atprecis Sync="TRUE">10</atprecis><attscale Sync="TRUE">0</attscale></attr><attr><attrlabl Sync="TRUE">gwthreats</attrlabl><attalias Sync="TRUE">gwthreats</attalias><attrtype Sync="TRUE">Double</attrtype><attwidth Sync="TRUE">19</attwidth><atprecis Sync="TRUE">0</atprecis><attscale Sync="TRUE">0</attscale></attr><attr><attrlabl Sync="TRUE">gwthreatsP</attrlabl><attalias Sync="TRUE">gwthreatsP</attalias><attrtype Sync="TRUE">Integer</attrtype><attwidth Sync="TRUE">10</attwidth><atprecis Sync="TRUE">10</atprecis><attscale Sync="TRUE">0</attscale></attr><attr><attrlabl Sync="TRUE">haz</attrlabl><attalias Sync="TRUE">haz</attalias><attrtype Sync="TRUE">Double</attrtype><attwidth Sync="TRUE">19</attwidth><atprecis Sync="TRUE">0</atprecis><attscale Sync="TRUE">0</attscale></attr><attr><attrlabl Sync="TRUE">hazP</attrlabl><attalias Sync="TRUE">hazP</attalias><attrtype Sync="TRUE">Integer</attrtype><attwidth Sync="TRUE">10</attwidth><atprecis Sync="TRUE">10</atprecis><attscale Sync="TRUE">0</attscale></attr><attr><attrlabl Sync="TRUE">iwb</attrlabl><attalias Sync="TRUE">iwb</attalias><attrtype Sync="TRUE">Integer</attrtype><attwidth Sync="TRUE">10</attwidth><atprecis Sync="TRUE">10</atprecis><attscale Sync="TRUE">0</attscale></attr><attr><attrlabl Sync="TRUE">iwbP</attrlabl><attalias Sync="TRUE">iwbP</attalias><attrtype Sync="TRUE">Integer</attrtype><attwidth Sync="TRUE">10</attwidth><atprecis Sync="TRUE">10</atprecis><attscale Sync="TRUE">0</attscale></attr><attr><attrlabl Sync="TRUE">swis</attrlabl><attalias Sync="TRUE">swis</attalias><attrtype Sync="TRUE">Double</attrtype><attwidth Sync="TRUE">19</attwidth><atprecis Sync="TRUE">0</atprecis><attscale Sync="TRUE">0</attscale></attr><attr><attrlabl Sync="TRUE">swisP</attrlabl><attalias Sync="TRUE">swisP</attalias><attrtype Sync="TRUE">Integer</attrtype><attwidth Sync="TRUE">10</attwidth><atprecis Sync="TRUE">10</atprecis><attscale Sync="TRUE">0</attscale></attr><attr><attrlabl Sync="TRUE">Pollution</attrlabl><attalias Sync="TRUE">Pollution</attalias><attrtype Sync="TRUE">Double</attrtype><attwidth Sync="TRUE">19</attwidth><atprecis Sync="TRUE">0</atprecis><attscale Sync="TRUE">0</attscale></attr><attr><attrlabl Sync="TRUE">PollutionS</attrlabl><attalias Sync="TRUE">PollutionS</attalias><attrtype Sync="TRUE">Double</attrtype><attwidth Sync="TRUE">19</attwidth><atprecis Sync="TRUE">0</atprecis><attscale Sync="TRUE">0</attscale></attr><attr><attrlabl Sync="TRUE">PollutionP</attrlabl><attalias Sync="TRUE">PollutionP</attalias><attrtype Sync="TRUE">Integer</attrtype><attwidth Sync="TRUE">10</attwidth><atprecis Sync="TRUE">10</atprecis><attscale Sync="TRUE">0</attscale></attr><attr><attrlabl Sync="TRUE">asthma</attrlabl><attalias Sync="TRUE">asthma</attalias><attrtype Sync="TRUE">Double</attrtype><attwidth Sync="TRUE">19</attwidth><atprecis Sync="TRUE">0</atprecis><attscale Sync="TRUE">0</attscale></attr><attr><attrlabl Sync="TRUE">asthmaP</attrlabl><attalias Sync="TRUE">asthmaP</attalias><attrtype Sync="TRUE">Integer</attrtype><attwidth Sync="TRUE">10</attwidth><atprecis Sync="TRUE">10</atprecis><attscale Sync="TRUE">0</attscale></attr><attr><attrlabl Sync="TRUE">lbw</attrlabl><attalias Sync="TRUE">lbw</attalias><attrtype Sync="TRUE">Double</attrtype><attwidth Sync="TRUE">19</attwidth><atprecis Sync="TRUE">0</atprecis><attscale Sync="TRUE">0</attscale></attr><attr><attrlabl Sync="TRUE">lbwP</attrlabl><attalias Sync="TRUE">lbwP</attalias><attrtype Sync="TRUE">Integer</attrtype><attwidth Sync="TRUE">10</attwidth><atprecis Sync="TRUE">10</atprecis><attscale Sync="TRUE">0</attscale></attr><attr><attrlabl Sync="TRUE">cvd</attrlabl><attalias Sync="TRUE">cvd</attalias><attrtype Sync="TRUE">Double</attrtype><attwidth Sync="TRUE">19</attwidth><atprecis Sync="TRUE">0</atprecis><attscale Sync="TRUE">0</attscale></attr><attr><attrlabl Sync="TRUE">cvdP</attrlabl><attalias Sync="TRUE">cvdP</attalias><attrtype Sync="TRUE">Integer</attrtype><attwidth Sync="TRUE">10</attwidth><atprecis Sync="TRUE">10</atprecis><attscale Sync="TRUE">0</attscale></attr><attr><attrlabl Sync="TRUE">edu</attrlabl><attalias Sync="TRUE">edu</attalias><attrtype Sync="TRUE">Double</attrtype><attwidth Sync="TRUE">19</attwidth><atprecis Sync="TRUE">0</atprecis><attscale Sync="TRUE">0</attscale></attr><attr><attrlabl Sync="TRUE">eduP</attrlabl><attalias Sync="TRUE">eduP</attalias><attrtype Sync="TRUE">Integer</attrtype><attwidth Sync="TRUE">10</attwidth><atprecis Sync="TRUE">10</atprecis><attscale Sync="TRUE">0</attscale></attr><attr><attrlabl Sync="TRUE">ling</attrlabl><attalias Sync="TRUE">ling</attalias><attrtype Sync="TRUE">Double</attrtype><attwidth Sync="TRUE">19</attwidth><atprecis Sync="TRUE">0</atprecis><attscale Sync="TRUE">0</attscale></attr><attr><attrlabl Sync="TRUE">lingP</attrlabl><attalias Sync="TRUE">lingP</attalias><attrtype Sync="TRUE">Integer</attrtype><attwidth Sync="TRUE">10</attwidth><atprecis Sync="TRUE">10</atprecis><attscale Sync="TRUE">0</attscale></attr><attr><attrlabl Sync="TRUE">pov</attrlabl><attalias Sync="TRUE">pov</attalias><attrtype Sync="TRUE">Double</attrtype><attwidth Sync="TRUE">19</attwidth><atprecis Sync="TRUE">0</atprecis><attscale Sync="TRUE">0</attscale></attr><attr><attrlabl Sync="TRUE">povP</attrlabl><attalias Sync="TRUE">povP</attalias><attrtype Sync="TRUE">Integer</attrtype><attwidth Sync="TRUE">10</attwidth><atprecis Sync="TRUE">10</atprecis><attscale Sync="TRUE">0</attscale></attr><attr><attrlabl Sync="TRUE">unemp</attrlabl><attalias Sync="TRUE">unemp</attalias><attrtype Sync="TRUE">Double</attrtype><attwidth Sync="TRUE">19</attwidth><atprecis Sync="TRUE">0</atprecis><attscale Sync="TRUE">0</attscale></attr><attr><attrlabl Sync="TRUE">unempP</attrlabl><attalias Sync="TRUE">unempP</attalias><attrtype Sync="TRUE">Integer</attrtype><attwidth Sync="TRUE">10</attwidth><atprecis Sync="TRUE">10</atprecis><attscale Sync="TRUE">0</attscale></attr><attr><attrlabl Sync="TRUE">housingB</attrlabl><attalias Sync="TRUE">housingB</attalias><attrtype Sync="TRUE">Double</attrtype><attwidth Sync="TRUE">19</attwidth><atprecis Sync="TRUE">0</atprecis><attscale Sync="TRUE">0</attscale></attr><attr><attrlabl Sync="TRUE">housingBP</attrlabl><attalias Sync="TRUE">housingBP</attalias><attrtype Sync="TRUE">Integer</attrtype><attwidth Sync="TRUE">10</attwidth><atprecis Sync="TRUE">10</atprecis><attscale Sync="TRUE">0</attscale></attr><attr><attrlabl Sync="TRUE">PopChar</attrlabl><attalias Sync="TRUE">PopChar</attalias><attrtype Sync="TRUE">Double</attrtype><attwidth Sync="TRUE">19</attwidth><atprecis Sync="TRUE">0</atprecis><attscale Sync="TRUE">0</attscale></attr><attr><attrlabl Sync="TRUE">PopCharSco</attrlabl><attalias Sync="TRUE">PopCharSco</attalias><attrtype Sync="TRUE">Double</attrtype><attwidth Sync="TRUE">19</attwidth><atprecis Sync="TRUE">0</atprecis><attscale Sync="TRUE">0</attscale></attr><attr><attrlabl Sync="TRUE">PopCharP</attrlabl><attalias Sync="TRUE">PopCharP</attalias><attrtype Sync="TRUE">Integer</attrtype><attwidth Sync="TRUE">10</attwidth><atprecis Sync="TRUE">10</atprecis><attscale Sync="TRUE">0</attscale></attr><attr><attrlabl Sync="TRUE">Children_u</attrlabl><attalias Sync="TRUE">Children_u</attalias><attrtype Sync="TRUE">Double</attrtype><attwidth Sync="TRUE">19</attwidth><atprecis Sync="TRUE">0</atprecis><attscale Sync="TRUE">0</attscale></attr><attr><attrlabl Sync="TRUE">Pop_11_64_</attrlabl><attalias Sync="TRUE">Pop_11_64_</attalias><attrtype Sync="TRUE">Double</attrtype><attwidth Sync="TRUE">19</attwidth><atprecis Sync="TRUE">0</atprecis><attscale Sync="TRUE">0</attscale></attr><attr><attrlabl Sync="TRUE">Elderly_ov</attrlabl><attalias Sync="TRUE">Elderly_ov</attalias><attrtype Sync="TRUE">Double</attrtype><attwidth Sync="TRUE">19</attwidth><atprecis Sync="TRUE">0</atprecis><attscale Sync="TRUE">0</attscale></attr><attr><attrlabl Sync="TRUE">Hispanic_p</attrlabl><attalias Sync="TRUE">Hispanic_p</attalias><attrtype Sync="TRUE">Double</attrtype><attwidth Sync="TRUE">19</attwidth><atprecis Sync="TRUE">0</atprecis><attscale Sync="TRUE">0</attscale></attr><attr><attrlabl Sync="TRUE">White_pct</attrlabl><attalias Sync="TRUE">White_pct</attalias><attrtype Sync="TRUE">Double</attrtype><attwidth Sync="TRUE">19</attwidth><atprecis Sync="TRUE">0</atprecis><attscale Sync="TRUE">0</attscale></attr><attr><attrlabl Sync="TRUE">African_Am</attrlabl><attalias Sync="TRUE">African_Am</attalias><attrtype Sync="TRUE">Double</attrtype><attwidth Sync="TRUE">19</attwidth><atprecis Sync="TRUE">0</atprecis><attscale Sync="TRUE">0</attscale></attr><attr><attrlabl Sync="TRUE">Native_Ame</attrlabl><attalias Sync="TRUE">Native_Ame</attalias><attrtype Sync="TRUE">Double</attrtype><attwidth Sync="TRUE">19</attwidth><atprecis Sync="TRUE">0</atprecis><attscale Sync="TRUE">0</attscale></attr><attr><attrlabl Sync="TRUE">Asian_Amer</attrlabl><attalias Sync="TRUE">Asian_Amer</attalias><attrtype Sync="TRUE">Double</attrtype><attwidth Sync="TRUE">19</attwidth><atprecis Sync="TRUE">0</atprecis><attscale Sync="TRUE">0</attscale></attr><attr><attrlabl Sync="TRUE">Other_pct</attrlabl><attalias Sync="TRUE">Other_pct</attalias><attrtype Sync="TRUE">Double</attrtype><attwidth Sync="TRUE">19</attwidth><atprecis Sync="TRUE">0</atprecis><attscale Sync="TRUE">0</attscale></attr><attr><attrlabl Sync="TRUE">OBJECTID_1</attrlabl><attalias Sync="TRUE">OBJECTID_1</attalias><attrtype Sync="TRUE">Integer</attrtype><attwidth Sync="TRUE">10</attwidth><atprecis Sync="TRUE">10</atprecis><attscale Sync="TRUE">0</attscale></attr><attr><attrlabl Sync="TRUE">CIdecile</attrlabl><attalias Sync="TRUE">CIdecile</attalias><attrtype Sync="TRUE">Integer</attrtype><attwidth Sync="TRUE">10</attwidth><atprecis Sync="TRUE">10</atprecis><attscale Sync="TRUE">0</attscale></attr><attr><attrlabl Sync="TRUE">CIvigintil</attrlabl><attalias Sync="TRUE">CIvigintil</attalias><attrtype Sync="TRUE">Integer</attrtype><attwidth Sync="TRUE">10</attwidth><atprecis Sync="TRUE">10</atprecis><attscale Sync="TRUE">0</attscale></attr><attr><attrlabl Sync="TRUE">Shape_Leng</attrlabl><attalias Sync="TRUE">Shape_Leng</attalias><attrtype Sync="TRUE">Double</attrtype><attwidth Sync="TRUE">19</attwidth><atprecis Sync="TRUE">0</atprecis><attscale Sync="TRUE">0</attscale></attr><attr><attrlabl Sync="TRUE">Shape_Area</attrlabl><attalias Sync="TRUE">Shape_Area</attalias><attrtype Sync="TRUE">Double</attrtype><attwidth Sync="TRUE">19</attwidth><atprecis Sync="TRUE">0</atprecis><attscale Sync="TRUE">0</attscale><attrdef Sync="TRUE">Area of feature in internal units squared.</attrdef><attrdefs Sync="TRUE">Esri</attrdefs><attrdomv><udom Sync="TRUE">Positive real numbers that are automatically generated.</udom></attrdomv></attr><attr><attrlabl Sync="TRUE">CES2018_Rn</attrlabl><attalias Sync="TRUE">CES2018_Rn</attalias><attrtype Sync="TRUE">String</attrtype><attwidth Sync="TRUE">100</attwidth><atprecis Sync="TRUE">0</atprecis><attscale Sync="TRUE">0</attscale></attr></detailed></eainfo><mdDateSt Sync="TRUE">20200621</mdDateSt></metadata>
